Workbook

Sheet Raw Data
A1: Date | B1: Marketing Channel | C1: Impressions | D1: Clicks | E1: Leads | F1: Qualified Leads | G1: Sales Calls | H1: Customers | I1: Revenue | J1: Ad Spend
A2: 2025-01-01 | B2: Email Marketing | C2: 3325 | D2: 486 | E2: 192 | F2: 121 | G2: 94 | H2: 29 | I2: 170528.84 | J2: 1969.61
A3: 2025-01-01 | B3: Facebook Ads | C3: 15213 | D3: 389 | E3: 59 | F3: 32 | G3: 24 | H3: 5 | I3: 21834.05 | J3: 3607.11
A4: 2025-01-01 | B4: Google Ads | C4: 8745 | D4: 511 | E4: 139 | F4: 81 | G4: 58 | H4: 15 | I4: 113977.93 | J4: 7450.81
A5: 2025-01-01 | B5: Instagram Ads | C5: 10346 | D5: 211 | E5: 35 | F5: 14 | G5: 9 | H5: 1 | I5: 4532.72 | J5: 1908.5
A6: 2025-01-01 | B6: LinkedIn Ads | C6: 3824 | D6: 136 | E6: 27 | F6: 18 | G6: 14 | H6: 4 | I6: 43410.48 | J6: 5732.52
A7: 2025-01-01 | B7: Organic Search | C7: 7098 | D7: 424 | E7: 85 | F7: 50 | G7: 35 | H7: 14 | I7: 105842.86 | J7: 688.33
A8: 2025-01-01 | B8: Referral | C8: 2640 | D8: 312 | E8: 155 | F8: 112 | G8: 97 | H8: 47 | I8: 458984.27 | J8: 685.09
A9: 2025-01-01 | B9: YouTube Ads | C9: 5619 | D9: 78 | E9: 11 | F9: 4 | G9: 2 | H9: 0 | I9: 0 | J9: 1426.42
A10: 2025-01-02 | B10: Email Marketing | C10: 5613 | D10: 617 | E10: 186 | F10: 104 | G10: 78 | H10: 28 | I10: 168479.96 | J10: 1815.87
A11: 2025-01-02 | B11: Facebook Ads | C11: 8066 | D11: 219 | E11: 48 | F11: 24 | G11: 18 | H11: 3 | I11: 12695.21 | J11: 2301.53
A12: 2025-01-02 | B12: Google Ads | C12: 7809 | D12: 361 | E12: 77 | F12: 47 | G12: 33 | H12: 11 | I12: 61557.62 | J12: 7841.8
A13: 2025-01-02 | B13: Instagram Ads | C13: 16494 | D13: 362 | E13: 57 | F13: 22 | G13: 14 | H13: 2 | I13: 10150.23 | J13: 4382.82
... A1001: 2025-05-05 | B1001: YouTube Ads | C1001: 6918 | D1001: 112 | E1001: 17 | F1001: 6 | G1001: 3 | H1001: 0 | I1001: 0 | J1001: 2137.45

Sheet Channel Summary
A1: Marketing Channel | B1: Impressions | C1: Clicks | D1: Leads | E1: Qualified Leads | F1: Sales Calls | G1: Customers | H1: Revenue | I1: Ad Spend | J1: CTR (%) | K1: Lead Conv. Rate (%) | L1: Qualification Rate (%) | M1: Close Rate (%) | N1: Overall Funnel Conv. (%) | O1: ROAS (x) | P1: Cost per Customer
A2: Email Marketing | B2: =SUMIF('Raw Data'!$B$2:$B$1001,"Email Marketing",'Raw Data'!$C$2:$C$1001) -> 659916 | C2: =SUMIF('Raw Data'!$B$2:$B$1001,"Email Marketing",'Raw Data'!$D$2:$D$1001) -> 75319 | D2: =SUMIF('Raw Data'!$B$2:$B$1001,"Email Marketing",'Raw Data'!$E$2:$E$1001) -> 26012 | E2: =SUMIF('Raw Data'!$B$2:$B$1001,"Email Marketing",'Raw Data'!$F$2:$F$1001) -> 15503 | F2: =SUMIF('Raw Data'!$B$2:$B$1001,"Email Marketing",'Raw Data'!$G$2:$G$1001) -> 12359 | G2: =SUMIF('Raw Data'!$B$2:$B$1001,"Email Marketing",'Raw Data'!$H$2:$H$1001) -> 4329 | H2: =SUMIF('Raw Data'!$B$2:$B$1001,"Email Marketing",'Raw Data'!$I$2:$I$1001) -> 25818870 | I2: =SUMIF('Raw Data'!$B$2:$B$1001,"Email Marketing",'Raw Data'!$J$2:$J$1001) -> 264234.1 | J2: =C2/B2*100 -> 11.413422 | K2: =D2/C2*100 -> 34.535775 | L2: =E2/D2*100 -> 59.599416 | M2: =G2/F2*100 -> 35.027106 | N2: =G2/B2*100 -> 0.65599258 | O2: =H2/I2 -> 97.712106 | P2: =IF(G2=0,0,I2/G2) -> 61.038138
A3: Facebook Ads | B3: =SUMIF('Raw Data'!$B$2:$B$1001,"Facebook Ads",'Raw Data'!$C$2:$C$1001) -> 1658844 | C3: =SUMIF('Raw Data'!$B$2:$B$1001,"Facebook Ads",'Raw Data'!$D$2:$D$1001) -> 37800 | D3: =SUMIF('Raw Data'!$B$2:$B$1001,"Facebook Ads",'Raw Data'!$E$2:$E$1001) -> 7472 | E3: =SUMIF('Raw Data'!$B$2:$B$1001,"Facebook Ads",'Raw Data'!$F$2:$F$1001) -> 3581 | F3: =SUMIF('Raw Data'!$B$2:$B$1001,"Facebook Ads",'Raw Data'!$G$2:$G$1001) -> 2539 | G3: =SUMIF('Raw Data'!$B$2:$B$1001,"Facebook Ads",'Raw Data'!$H$2:$H$1001) -> 569 | H3: =SUMIF('Raw Data'!$B$2:$B$1001,"Facebook Ads",'Raw Data'!$I$2:$I$1001) -> 2806173.9 | I3: =SUMIF('Raw Data'!$B$2:$B$1001,"Facebook Ads",'Raw Data'!$J$2:$J$1001) -> 426834.45 | J3: =C3/B3*100 -> 2.2786953 | K3: =D3/C3*100 -> 19.767196 | L3: =E3/D3*100 -> 47.925589 | M3: =G3/F3*100 -> 22.410398 | N3: =G3/B3*100 -> 0.034300995 | O3: =H3/I3 -> 6.5743846 | P3: =IF(G3=0,0,I3/G3) -> 750.14842
A4: Google Ads | B4: =SUMIF('Raw Data'!$B$2:$B$1001,"Google Ads",'Raw Data'!$C$2:$C$1001) -> 1202219 | C4: =SUMIF('Raw Data'!$B$2:$B$1001,"Google Ads",'Raw Data'!$D$2:$D$1001) -> 54681 | D4: =SUMIF('Raw Data'!$B$2:$B$1001,"Google Ads",'Raw Data'!$E$2:$E$1001) -> 13515 | E4: =SUMIF('Raw Data'!$B$2:$B$1001,"Google Ads",'Raw Data'!$F$2:$F$1001) -> 7628 | F4: =SUMIF('Raw Data'!$B$2:$B$1001,"Google Ads",'Raw Data'!$G$2:$G$1001) -> 5836 | G4: =SUMIF('Raw Data'!$B$2:$B$1001,"Google Ads",'Raw Data'!$H$2:$H$1001) -> 1714 | H4: =SUMIF('Raw Data'!$B$2:$B$1001,"Google Ads",'Raw Data'!$I$2:$I$1001) -> 10950006 | I4: =SUMIF('Raw Data'!$B$2:$B$1001,"Google Ads",'Raw Data'!$J$2:$J$1001) -> 1039352.8 | J4: =C4/B4*100 -> 4.5483394 | K4: =D4/C4*100 -> 24.716081 | L4: =E4/D4*100 -> 56.440991 | M4: =G4/F4*100 -> 29.369431 | N4: =G4/B4*100 -> 0.1425697 | O4: =H4/I4 -> 10.535409 | P4: =IF(G4=0,0,I4/G4) -> 606.39017
A5: Instagram Ads | B5: =SUMIF('Raw Data'!$B$2:$B$1001,"Instagram Ads",'Raw Data'!$C$2:$C$1001) -> 1495263 | C5: =SUMIF('Raw Data'!$B$2:$B$1001,"Instagram Ads",'Raw Data'!$D$2:$D$1001) -> 29262 | D5: =SUMIF('Raw Data'!$B$2:$B$1001,"Instagram Ads",'Raw Data'!$E$2:$E$1001) -> 5016 | E5: =SUMIF('Raw Data'!$B$2:$B$1001,"Instagram Ads",'Raw Data'!$F$2:$F$1001) -> 2200 | F5: =SUMIF('Raw Data'!$B$2:$B$1001,"Instagram Ads",'Raw Data'!$G$2:$G$1001) -> 1457 | G5: =SUMIF('Raw Data'!$B$2:$B$1001,"Instagram Ads",'Raw Data'!$H$2:$H$1001) -> 278 | H5: =SUMIF('Raw Data'!$B$2:$B$1001,"Instagram Ads",'Raw Data'!$I$2:$I$1001) -> 1316829.6 | I5: =SUMIF('Raw Data'!$B$2:$B$1001,"Instagram Ads",'Raw Data'!$J$2:$J$1001) -> 301164.53 | J5: =C5/B5*100 -> 1.9569801 | K5: =D5/C5*100 -> 17.141685 | L5: =E5/D5*100 -> 43.859649 | M5: =G5/F5*100 -> 19.080302 | N5: =G5/B5*100 -> 0.018592047 | O5: =H5/I5 -> 4.3724592 | P5: =IF(G5=0,0,I5/G5) -> 1083.3256
A6: LinkedIn Ads | B6: =SUMIF('Raw Data'!$B$2:$B$1001,"LinkedIn Ads",'Raw Data'!$C$2:$C$1001) -> 450431 | C6: =SUMIF('Raw Data'!$B$2:$B$1001,"LinkedIn Ads",'Raw Data'!$D$2:$D$1001) -> 13029 | D6: =SUMIF('Raw Data'!$B$2:$B$1001,"LinkedIn Ads",'Raw Data'!$E$2:$E$1001) -> 2931 | E6: =SUMIF('Raw Data'!$B$2:$B$1001,"LinkedIn Ads",'Raw Data'!$F$2:$F$1001) -> 1910 | F6: =SUMIF('Raw Data'!$B$2:$B$1001,"LinkedIn Ads",'Raw Data'!$G$2:$G$1001) -> 1439 | G6: =SUMIF('Raw Data'!$B$2:$B$1001,"LinkedIn Ads",'Raw Data'!$H$2:$H$1001) -> 440 | H6: =SUMIF('Raw Data'!$B$2:$B$1001,"LinkedIn Ads",'Raw Data'!$I$2:$I$1001) -> 5399006.2 | I6: =SUMIF('Raw Data'!$B$2:$B$1001,"LinkedIn Ads",'Raw Data'!$J$2:$J$1001) -> 521597.39 | J6: =C6/B6*100 -> 2.8925629 | K6: =D6/C6*100 -> 22.495971 | L6: =E6/D6*100 -> 65.165473 | M6: =G6/F6*100 -> 30.576789 | N6: =G6/B6*100 -> 0.097684218 | O6: =H6/I6 -> 10.350907 | P6: =IF(G6=0,0,I6/G6) -> 1185.4486
A7: Organic Search | B7: =SUMIF('Raw Data'!$B$2:$B$1001,"Organic Search",'Raw Data'!$C$2:$C$1001) -> 1258572 | C7: =SUMIF('Raw Data'!$B$2:$B$1001,"Organic Search",'Raw Data'!$D$2:$D$1001) -> 72730 | D7: =SUMIF('Raw Data'!$B$2:$B$1001,"Organic Search",'Raw Data'!$E$2:$E$1001) -> 17231 | E7: =SUMIF('Raw Data'!$B$2:$B$1001,"Organic Search",'Raw Data'!$F$2:$F$1001) -> 9404 | F7: =SUMIF('Raw Data'!$B$2:$B$1001,"Organic Search",'Raw Data'!$G$2:$G$1001) -> 6848 | G7: =SUMIF('Raw Data'!$B$2:$B$1001,"Organic Search",'Raw Data'!$H$2:$H$1001) -> 2673 | H7: =SUMIF('Raw Data'!$B$2:$B$1001,"Organic Search",'Raw Data'!$I$2:$I$1001) -> 19967637 | I7: =SUMIF('Raw Data'!$B$2:$B$1001,"Organic Search",'Raw Data'!$J$2:$J$1001) -> 150575.37 | J7: =C7/B7*100 -> 5.7787715 | K7: =D7/C7*100 -> 23.691737 | L7: =E7/D7*100 -> 54.576055 | M7: =G7/F7*100 -> 39.033294 | N7: =G7/B7*100 -> 0.21238356 | O7: =H7/I7 -> 132.60892 | P7: =IF(G7=0,0,I7/G7) -> 56.331975
A8: Referral | B8: =SUMIF('Raw Data'!$B$2:$B$1001,"Referral",'Raw Data'!$C$2:$C$1001) -> 319918 | C8: =SUMIF('Raw Data'!$B$2:$B$1001,"Referral",'Raw Data'!$D$2:$D$1001) -> 46607 | D8: =SUMIF('Raw Data'!$B$2:$B$1001,"Referral",'Raw Data'!$E$2:$E$1001) -> 20828 | E8: =SUMIF('Raw Data'!$B$2:$B$1001,"Referral",'Raw Data'!$F$2:$F$1001) -> 14510 | F8: =SUMIF('Raw Data'!$B$2:$B$1001,"Referral",'Raw Data'!$G$2:$G$1001) -> 11991 | G8: =SUMIF('Raw Data'!$B$2:$B$1001,"Referral",'Raw Data'!$H$2:$H$1001) -> 5302 | H8: =SUMIF('Raw Data'!$B$2:$B$1001,"Referral",'Raw Data'!$I$2:$I$1001) -> 45107595 | I8: =SUMIF('Raw Data'!$B$2:$B$1001,"Referral",'Raw Data'!$J$2:$J$1001) -> 91702.67 | J8: =C8/B8*100 -> 14.568421 | K8: =D8/C8*100 -> 44.688566 | L8: =E8/D8*100 -> 69.665834 | M8: =G8/F8*100 -> 44.216496 | N8: =G8/B8*100 -> 1.6572997 | O8: =H8/I8 -> 491.88966 | P8: =IF(G8=0,0,I8/G8) -> 17.295864
A9: YouTube Ads | B9: =SUMIF('Raw Data'!$B$2:$B$1001,"YouTube Ads",'Raw Data'!$C$2:$C$1001) -> 1036768 | C9: =SUMIF('Raw Data'!$B$2:$B$1001,"YouTube Ads",'Raw Data'!$D$2:$D$1001) -> 20428 | D9: =SUMIF('Raw Data'!$B$2:$B$1001,"YouTube Ads",'Raw Data'!$E$2:$E$1001) -> 3712 | E9: =SUMIF('Raw Data'!$B$2:$B$1001,"YouTube Ads",'Raw Data'!$F$2:$F$1001) -> 1504 | F9: =SUMIF('Raw Data'!$B$2:$B$1001,"YouTube Ads",'Raw Data'!$G$2:$G$1001) -> 953 | G9: =SUMIF('Raw Data'!$B$2:$B$1001,"YouTube Ads",'Raw Data'!$H$2:$H$1001) -> 130 | H9: =SUMIF('Raw Data'!$B$2:$B$1001,"YouTube Ads",'Raw Data'!$I$2:$I$1001) -> 656466.57 | I9: =SUMIF('Raw Data'!$B$2:$B$1001,"YouTube Ads",'Raw Data'!$J$2:$J$1001) -> 296315.85 | J9: =C9/B9*100 -> 1.970354 | K9: =D9/C9*100 -> 18.171138 | L9: =E9/D9*100 -> 40.517241 | M9: =G9/F9*100 -> 13.641133 | N9: =G9/B9*100 -> 0.012538967 | O9: =H9/I9 -> 2.2154285 | P9: =IF(G9=0,0,I9/G9) -> 2279.3527
A10: TOTAL | B10: =SUM(B2:B9) -> 8081931 | C10: =SUM(C2:C9) -> 349856 | D10: =SUM(D2:D9) -> 96717 | E10: =SUM(E2:E9) -> 56240 | F10: =SUM(F2:F9) -> 43422 | G10: =SUM(G2:G9) -> 15435 | H10: =SUM(H2:H9) -> 1.1202258e+08 | I10: =SUM(I2:I9) -> 3091777.1

Sheet Funnel Drop-off
A1: Funnel Stage | B1: Total Volume | D1: Stage Transition | E1: Entered | F1: Passed Through | G1: Lost | H1: Drop-off Rate (%)
A2: Impressions | B2: ='Channel Summary'!B10 -> 8081931 | D2: Impressions -> Clicks | E2: =B2 -> 8081931 | F2: =B3 -> 349856 | G2: =E2-F2 -> 7732075 | H2: =(1-F2/E2)*100 -> 95.671134
A3: Clicks | B3: ='Channel Summary'!C10 -> 349856 | D3: Clicks -> Leads | E3: =B3 -> 349856 | F3: =B4 -> 96717 | G3: =E3-F3 -> 253139 | H3: =(1-F3/E3)*100 -> 72.355198
A4: Leads | B4: ='Channel Summary'!D10 -> 96717 | D4: Leads -> Qualified Leads | E4: =B4 -> 96717 | F4: =B5 -> 56240 | G4: =E4-F4 -> 40477 | H4: =(1-F4/E4)*100 -> 41.850967
A5: Qualified Leads | B5: ='Channel Summary'!E10 -> 56240 | D5: Qualified Leads -> Sales Calls | E5: =B5 -> 56240 | F5: =B6 -> 43422 | G5: =E5-F5 -> 12818 | H5: =(1-F5/E5)*100 -> 22.791607
A6: Sales Calls | B6: ='Channel Summary'!F10 -> 43422 | D6: Sales Calls -> Customers | E6: =B6 -> 43422 | F6: =B7 -> 15435 | G6: =E6-F6 -> 27987 | H6: =(1-F6/E6)*100 -> 64.453503
A7: Customers | B7: ='Channel Summary'!G10 -> 15435

Sheet Dashboard
B2: MARKETING FUNNEL & CONVERSION PERFORMANCE DASHBOARD
B4: Total Impressions | D4: Total Customers | F4: Overall Funnel Conv. (%) | H4: Total Revenue | J4: Total Ad Spend | L4: ROAS (x)
B5: ='Channel Summary'!B10 -> 8081931 | D5: ='Channel Summary'!G10 -> 15435 | F5: ='Channel Summary'!G10/'Channel Summary'!B10*100 -> 0.19098159 | H5: ='Channel Summary'!H10 -> 1.1202258e+08 | J5: ='Channel Summary'!I10 -> 3091777.1 | L5: ='Channel Summary'!H10/'Channel Summary'!I10 -> 36.232426
